player,team,minutes,touches,touches_def_pen,touches_def_3rd,touches_mid_3rd,touches_att_3rd,touches_att_pen,tackles,interceptions,shots,xg,touches_def_3rd_pct,touches_mid_3rd_pct,touches_att_3rd_pct,touches_att_pen_pct
Aaron Cresswell,West Ham United,824.0,74.7,4.89,29.3,35.7,10.2,0.22,1.2,0.87,0.54,0.02,0.392235609103079,0.4779116465863454,0.1365461847389558,0.0029451137884872825
Aaron Ramsdale,Southampton,2700.0,43.8,31.5,42.9,1.07,0.0,0.0,0.0,0.07,0.0,0.0,0.9794520547945206,0.02442922374429224,0.0,0.0
Aaron Wan-Bissaka,West Ham United,3154.0,64.5,4.2,19.5,27.7,18.2,1.37,2.0,1.89,0.46,0.03,0.3023255813953488,0.4294573643410853,0.2821705426356589,0.02124031007751938
Abdoulaye Doucouré,Everton,2564.0,40.7,1.12,7.89,18.9,14.5,2.28,1.68,0.35,1.09,0.14,0.19385749385749385,0.46437346437346433,0.3562653562653562,0.056019656019656014
Abdukodir Khusanov,Manchester City,503.0,79.5,8.04,36.6,37.7,5.54,0.18,0.89,0.54,0.18,0.0,0.46037735849056605,0.4742138364779875,0.06968553459119498,0.0022641509433962265
Abdul Fatawu Issahaku,Leicester City,579.0,50.9,2.97,11.4,17.8,24.5,4.06,3.28,0.63,2.03,0.06,0.22396856581532418,0.34970530451866405,0.481335952848723,0.07976424361493123
Adam Armstrong,Southampton,1248.0,27.1,0.79,3.17,10.3,13.8,3.53,0.86,0.22,1.8,0.24,0.11697416974169741,0.3800738007380074,0.5092250922509225,0.13025830258302581
Adam Lallana,Southampton,361.0,79.5,4.75,22.8,38.8,18.3,1.5,2.0,1.25,0.75,0.05,0.28679245283018867,0.48805031446540875,0.23018867924528302,0.018867924528301886
Adam Smith,Bournemouth,1590.0,46.6,2.32,13.6,22.3,11.1,0.45,1.36,0.85,0.17,0.04,0.2918454935622317,0.47854077253218885,0.23819742489270385,0.00965665236051502
Adam Webster,Brighton,887.0,83.2,12.0,39.3,40.3,4.34,1.52,1.01,2.02,0.51,0.02,0.47235576923076916,0.48437499999999994,0.052163461538461534,0.01826923076923077
Adam Wharton,Crystal Palace,1318.0,59.7,2.05,14.0,31.7,14.5,0.75,2.33,1.37,0.89,0.03,0.23450586264656614,0.5309882747068676,0.24288107202680065,0.012562814070351758
Adama Traoré,Fulham,1772.0,40.7,0.2,4.21,14.5,23.1,4.62,1.02,0.05,1.98,0.2,0.10343980343980343,0.3562653562653562,0.5675675675675675,0.1135135135135135
Alejandro Garnacho,Manchester Utd,2199.0,47.5,0.53,5.33,14.9,28.0,7.21,1.23,0.53,3.44,0.3,0.11221052631578947,0.3136842105263158,0.5894736842105263,0.15178947368421053
Alex Iwobi,Fulham,2981.0,56.2,1.0,7.37,22.6,27.0,3.5,1.33,0.42,2.05,0.14,0.13113879003558718,0.40213523131672596,0.48042704626334515,0.06227758007117437
Alex McCarthy,Southampton,450.0,34.6,28.2,34.6,0.0,0.0,0.0,0.0,0.0,0.0,0.0,1.0,0.0,0.0,0.0
Alex Palmer,Ipswich Town,1170.0,36.2,30.5,35.5,0.77,0.0,0.0,0.0,0.0,0.0,0.0,0.9806629834254142,0.021270718232044197,0.0,0.0
Alex Scott,Bournemouth,755.0,57.7,2.86,10.7,30.6,17.1,2.14,3.21,1.19,1.79,0.08,0.1854419410745234,0.5303292894280762,0.29636048526863085,0.03708838821490468
Alexander Isak,Newcastle United,2756.0,33.5,0.65,1.86,12.6,19.5,6.18,0.39,0.1,3.1,0.66,0.05552238805970149,0.3761194029850746,0.582089552238806,0.1844776119402985
Alexis Mac Allister,Liverpool,2599.0,64.4,1.94,9.83,33.2,22.0,2.08,3.29,0.76,1.31,0.1,0.15263975155279502,0.515527950310559,0.3416149068322981,0.03229813664596273
Alisson,Liverpool,2508.0,36.2,26.6,35.5,0.72,0.0,0.0,0.04,0.0,0.0,0.0,0.9806629834254142,0.019889502762430938,0.0,0.0
Alphonse Areola,West Ham United,2260.0,41.8,33.2,41.4,0.48,0.0,0.0,0.08,0.0,0.0,0.0,0.9904306220095694,0.011483253588516746,0.0,0.0
Altay Bayındır,Manchester Utd,360.0,42.0,36.3,41.5,0.5,0.0,0.0,0.0,0.0,0.0,0.0,0.9880952380952381,0.011904761904761904,0.0,0.0
Amad Diallo,Manchester Utd,1901.0,57.2,0.76,8.29,21.0,28.8,6.21,1.8,0.52,2.23,0.22,0.1449300699300699,0.36713286713286714,0.5034965034965034,0.10856643356643356
Amadou Onana,Aston Villa,1617.0,55.4,3.94,14.9,32.6,8.83,1.28,3.06,1.44,0.94,0.12,0.26895306859205775,0.5884476534296029,0.15938628158844767,0.023104693140794226
Andreas Pereira,Fulham,2013.0,51.3,0.98,7.54,20.8,23.7,2.05,1.07,0.36,1.7,0.17,0.1469785575048733,0.405458089668616,0.4619883040935673,0.03996101364522417
Andrew Robertson,Liverpool,2482.0,75.5,3.33,19.5,34.1,22.5,1.92,1.41,0.76,0.54,0.04,0.2582781456953642,0.45165562913907287,0.2980132450331126,0.02543046357615894
André,Wolves,2472.0,59.0,3.24,16.0,38.0,5.64,0.11,3.31,1.35,0.36,0.01,0.2711864406779661,0.6440677966101694,0.09559322033898304,0.001864406779661017
André Onana,Manchester Utd,3060.0,40.3,30.8,39.7,0.65,0.0,0.0,0.06,0.0,0.0,0.0,0.9851116625310176,0.01612903225806452,0.0,0.0
Andrés García,Aston Villa,318.0,73.1,2.29,10.9,30.9,32.0,0.57,2.57,0.57,0.57,0.0,0.1491108071135431,0.4227086183310534,0.43775649794801647,0.007797537619699042
Anthony Elanga,Nottingham Forest,2501.0,40.1,1.04,4.89,11.5,24.4,3.96,0.68,0.22,1.58,0.16,0.12194513715710723,0.286783042394015,0.6084788029925187,0.09875311720698254
Anthony Gordon,Newcastle United,2434.0,46.9,0.59,4.63,17.6,25.4,4.74,1.19,0.26,2.11,0.3,0.09872068230277185,0.3752665245202559,0.5415778251599147,0.10106609808102346
Antoine Semenyo,Bournemouth,3203.0,46.4,1.29,5.79,16.1,25.5,5.37,1.54,0.31,3.51,0.28,0.1247844827586207,0.3469827586206897,0.5495689655172414,0.11573275862068966
Antonee Robinson,Fulham,3167.0,71.7,3.95,23.5,26.8,22.4,1.99,2.7,1.76,0.45,0.02,0.32775453277545324,0.3737796373779637,0.3124128312412831,0.027754532775453276
Antonín Kinský,Tottenham Hotspur,540.0,39.5,34.2,39.0,0.5,0.0,0.0,0.5,0.0,0.0,0.0,0.9873417721518988,0.012658227848101266,0.0,0.0
Archie Gray,Tottenham Hotspur,1751.0,65.9,7.69,31.2,29.8,5.44,0.15,0.82,0.97,0.05,0.0,0.47344461305007585,0.45220030349013657,0.08254931714719271,0.0022761760242792106
Arijanet Muric,Ipswich Town,1620.0,38.3,31.1,37.3,1.0,0.0,0.0,0.0,0.0,0.0,0.0,0.9738903394255874,0.026109660574412535,0.0,0.0
Armando Broja,Everton,334.0,34.3,1.08,3.78,12.7,19.5,4.86,0.81,0.27,1.08,0.03,0.11020408163265306,0.37026239067055394,0.5685131195335278,0.14169096209912538
Armel Bella Kotchap,Southampton,331.0,71.1,8.92,39.7,31.1,0.81,0.27,1.89,1.35,0.27,0.08,0.558368495077356,0.4374120956399438,0.011392405063291141,0.0037974683544303805
Ashley Young,Everton,1875.0,57.4,2.93,17.7,25.4,14.7,0.43,2.79,1.2,0.29,0.01,0.3083623693379791,0.4425087108013937,0.25609756097560976,0.007491289198606272
Axel Disasi,Aston Villa,427.0,71.35,5.09,25.8,38.4,7.6850000000000005,0.805,1.615,0.7150000000000001,0.435,0.045000000000000005,0.36159775753328666,0.5381920112123336,0.10770847932726,0.01128241065171689
Axel Tuanzebe,Ipswich Town,1710.0,51.1,5.11,21.4,22.4,7.63,0.42,1.63,1.21,0.21,0.01,0.4187866927592955,0.4383561643835616,0.14931506849315068,0.00821917808219178
Bart Verbruggen,Brighton,3240.0,39.1,30.8,38.7,0.39,0.0,0.0,0.0,0.0,0.0,0.0,0.989769820971867,0.009974424552429667,0.0,0.0
Ben Brereton,Southampton,449.0,41.2,0.8,3.8,15.2,22.4,4.0,0.6,0.0,2.2,0.18,0.09223300970873785,0.3689320388349514,0.5436893203883495,0.0970873786407767
Ben Davies,Tottenham Hotspur,1331.0,80.1,14.5,43.4,33.4,3.24,0.88,1.15,0.81,0.34,0.02,0.5418227215980025,0.41697877652933835,0.040449438202247195,0.010986267166042448
Ben Johnson,Ipswich Town,1354.0,41.7,4.0,16.4,14.7,10.9,0.8,2.53,0.87,0.47,0.07,0.39328537170263783,0.35251798561151076,0.26139088729016785,0.019184652278177457
Ben White,Arsenal,1198.0,61.1,4.14,16.1,27.6,17.9,2.11,1.5,1.2,0.68,0.04,0.26350245499181674,0.45171849427168576,0.292962356792144,0.034533551554828144
Benoît Badiashile,Chelsea,334.0,90.8,8.38,37.3,50.3,3.51,0.0,2.43,1.62,0.0,0.0,0.4107929515418502,0.5539647577092511,0.03865638766519824,0.0
Bernardo Silva,Manchester City,2670.0,69.2,1.68,12.0,28.4,29.5,4.75,1.89,0.77,1.08,0.13,0.17341040462427745,0.4104046242774566,0.4263005780346821,0.06864161849710983
Bernd Leno,Fulham,3420.0,38.9,31.3,38.6,0.34,0.0,0.0,0.05,0.0,0.0,0.0,0.9922879177377892,0.008740359897172237,0.0,0.0
Beto,Everton,1534.0,30.6,1.71,3.0,13.7,14.2,5.06,0.82,0.24,2.88,0.48,0.09803921568627451,0.44771241830065356,0.4640522875816993,0.16535947712418297
Bilal El Khannouss,Leicester City,2182.0,52.4,0.74,7.56,27.1,18.4,1.45,2.07,0.25,1.24,0.05,0.14427480916030533,0.517175572519084,0.3511450381679389,0.02767175572519084
Bobby De Cordova-Reid,Leicester City,744.0,32.8,1.81,5.9,13.7,13.1,1.93,1.08,0.0,0.84,0.1,0.17987804878048783,0.41768292682926833,0.39939024390243905,0.05884146341463415
Boubacar Kamara,Aston Villa,1726.0,58.0,4.95,17.9,33.2,7.34,0.63,2.6,0.99,0.52,0.04,0.30862068965517236,0.5724137931034483,0.12655172413793103,0.010862068965517242
Boubakary Soumaré,Leicester City,2171.0,59.8,3.03,16.0,37.5,6.89,0.75,1.54,1.12,0.29,0.01,0.26755852842809363,0.6270903010033445,0.11521739130434783,0.01254180602006689
Brajan Gruda,Brighton,687.0,45.3,0.53,5.0,15.8,25.3,6.05,2.11,0.26,1.45,0.16,0.11037527593818985,0.34878587196467997,0.5584988962472407,0.13355408388520973
Brennan Johnson,Tottenham Hotspur,2177.0,35.2,0.74,4.05,12.1,19.6,5.17,1.61,0.17,2.23,0.43,0.11505681818181816,0.34374999999999994,0.5568181818181818,0.14687499999999998
Bruno Fernandes,Manchester Utd,3018.0,79.1,1.85,12.8,37.7,29.3,2.39,2.51,0.78,2.78,0.3,0.16182048040455121,0.4766118836915298,0.370417193426043,0.0302149178255373
Bruno Guimarães,Newcastle United,3271.0,61.0,2.29,12.3,31.2,18.2,2.34,2.29,0.8,1.24,0.12,0.2016393442622951,0.5114754098360655,0.2983606557377049,0.03836065573770492
Bryan Mbeumo,Brentford,3414.0,47.0,1.64,6.49,15.0,26.3,4.43,1.29,0.37,2.08,0.32,0.13808510638297872,0.3191489361702128,0.5595744680851064,0.09425531914893616
Bukayo Saka,Arsenal,1729.0,51.0,0.31,2.97,11.3,37.2,8.44,1.51,0.16,3.44,0.35,0.058235294117647066,0.2215686274509804,0.7294117647058824,0.16549019607843135
Caleb Okoli,Leicester City,1125.0,64.5,12.2,36.1,26.0,2.8,0.8,2.0,1.2,0.32,0.05,0.5596899224806202,0.40310077519379844,0.043410852713178294,0.012403100775193798
Callum Hudson-Odoi,Nottingham Forest,2194.0,42.4,0.66,4.8,13.9,24.8,3.03,0.9,0.53,1.52,0.1,0.11320754716981132,0.3278301886792453,0.5849056603773585,0.0714622641509434
Callum Wilson,Newcastle United,370.0,23.2,0.24,1.22,13.4,9.27,4.63,0.49,0.24,1.46,0.1,0.052586206896551725,0.5775862068965517,0.39956896551724136,0.19956896551724138
Calvin Bassey,Fulham,3074.0,72.0,9.47,35.2,33.7,3.86,0.56,1.58,0.58,0.41,0.03,0.48888888888888893,0.4680555555555556,0.05361111111111111,0.007777777777777778
Cameron Archer,Southampton,1441.0,24.9,1.0,4.31,11.2,9.63,3.25,0.81,0.13,1.75,0.36,0.17309236947791165,0.4497991967871486,0.3867469879518073,0.13052208835341367
Cameron Burgess,Ipswich Town,1541.0,57.4,14.5,35.6,19.1,2.81,1.4,0.99,0.82,0.58,0.06,0.6202090592334495,0.33275261324041816,0.04895470383275261,0.024390243902439022
Caoimhín Kelleher,Liverpool,900.0,39.8,28.6,39.6,0.2,0.0,0.0,0.0,0.0,0.0,0.0,0.9949748743718594,0.0050251256281407045,0.0,0.0
Carlos Alcaraz,Everton,764.0,107.25,0.88,8.705,49.9,54.2,11.120000000000001,0.645,5.295,6.53,0.6,0.08116550116550117,0.46526806526806525,0.5053613053613054,0.10368298368298369
Carlos Baleba,Brighton,2661.0,57.3,3.18,13.9,33.6,11.5,0.41,2.67,1.55,1.49,0.1,0.24258289703315883,0.5863874345549739,0.2006980802792321,0.0071553228621291445
Carlos Soler,West Ham United,1409.0,50.6,1.72,11.5,26.1,13.4,1.66,1.02,0.51,1.59,0.11,0.22727272727272727,0.5158102766798419,0.2648221343873518,0.032806324110671935
Casemiro,Manchester Utd,1494.0,75.3,4.52,22.5,38.1,15.1,2.59,5.0,0.84,1.93,0.11,0.29880478087649404,0.5059760956175299,0.200531208499336,0.034395750332005315
Charlie Taylor,Southampton,356.0,69.8,8.75,30.3,30.0,9.75,0.5,1.75,1.25,0.0,0.0,0.4340974212034384,0.42979942693409745,0.13968481375358166,0.0071633237822349575
Cheick Doucouré,Crystal Palace,452.0,52.6,2.2,11.2,33.0,9.0,0.8,3.2,2.2,1.4,0.08,0.21292775665399238,0.6273764258555133,0.17110266159695817,0.015209125475285171
Chris Richards,Crystal Palace,1922.0,52.2,6.26,28.6,20.6,3.41,0.84,2.2,0.89,0.56,0.07,0.5478927203065134,0.3946360153256705,0.06532567049808428,0.016091954022988506
Chris Wood,Nottingham Forest,2959.0,23.4,1.22,2.71,11.0,9.79,3.19,0.18,0.15,1.98,0.41,0.11581196581196582,0.47008547008547014,0.4183760683760684,0.13632478632478634
Christian Eriksen,Manchester Utd,1061.0,72.0,2.2,14.7,33.6,24.1,1.44,1.61,0.59,1.19,0.12,0.20416666666666666,0.4666666666666667,0.33472222222222225,0.02
Christian Nørgaard,Brentford,2819.0,57.6,5.62,19.6,27.3,11.2,1.82,2.52,1.57,1.25,0.14,0.3402777777777778,0.4739583333333333,0.19444444444444442,0.03159722222222222
Christian Walton,Ipswich Town,630.0,38.9,35.4,38.7,0.14,0.0,0.0,0.0,0.0,0.0,0.0,0.9948586118251929,0.003598971722365039,0.0,0.0
Christopher Nkunku,Chelsea,921.0,43.9,0.98,5.1,17.9,21.3,5.1,1.18,0.69,2.45,0.47,0.11617312072892938,0.40774487471526194,0.48519362186788156,0.11617312072892938
Cody Gakpo,Liverpool,1935.0,41.3,1.3,4.23,12.0,25.9,5.12,1.3,0.56,2.65,0.33,0.10242130750605329,0.2905569007263923,0.6271186440677966,0.12397094430992738
Cole Palmer,Chelsea,3191.0,52.1,0.65,4.23,23.2,25.4,4.06,0.96,0.31,3.41,0.49,0.08119001919385797,0.44529750479846447,0.4875239923224568,0.07792706333973128
Conor Bradley,Liverpool,754.0,78.9,3.81,23.5,35.6,21.2,5.12,1.67,0.48,1.19,0.08,0.29784537389100124,0.4512040557667934,0.26869455006337134,0.06489226869455006
Conor Chaplin,Ipswich Town,857.0,41.1,0.74,7.79,19.3,14.5,1.89,1.58,0.42,1.68,0.16,0.18953771289537713,0.46958637469586373,0.35279805352798055,0.04598540145985401
Conor Coady,Leicester City,1714.0,63.7,12.3,36.3,26.5,1.05,0.42,0.68,0.68,0.11,0.02,0.5698587127158555,0.41601255886970173,0.016483516483516484,0.0065934065934065925
Conor Townsend,Ipswich Town,335.0,46.5,7.57,23.5,13.5,10.3,1.35,2.97,1.08,0.27,0.0,0.5053763440860215,0.2903225806451613,0.22150537634408604,0.02903225806451613
Craig Dawson,Wolves,971.0,62.1,12.0,36.7,23.1,2.59,1.3,1.39,0.83,0.46,0.05,0.5909822866344606,0.37198067632850246,0.04170692431561997,0.020933977455716585
Cristian Romero,Tottenham Hotspur,1416.0,87.7,10.0,37.8,45.9,4.71,1.46,2.23,1.34,1.02,0.1,0.4310148232611174,0.5233751425313569,0.053705815279361455,0.016647662485746863
Crysencio Summerville,West Ham United,786.0,42.8,1.03,5.4,16.9,20.8,4.37,1.49,0.0,1.61,0.18,0.12616822429906543,0.39485981308411217,0.485981308411215,0.10210280373831776
Curtis Jones,Liverpool,1712.0,67.8,2.16,11.6,35.9,20.7,3.05,2.05,0.37,1.79,0.23,0.1710914454277286,0.5294985250737463,0.3053097345132743,0.04498525073746312
Daichi Kamada,Crystal Palace,1564.0,53.9,1.09,12.0,28.5,13.8,1.84,2.7,1.03,1.15,0.06,0.22263450834879406,0.5287569573283859,0.2560296846011132,0.034137291280148425
Dan Burn,Newcastle United,3330.0,64.5,9.89,35.3,25.9,3.51,1.41,1.05,0.73,0.62,0.05,0.5472868217054263,0.4015503875968992,0.054418604651162786,0.02186046511627907
Dango Ouattara,Bournemouth,2005.0,43.0,2.78,7.4,14.2,22.3,5.74,1.57,0.49,2.78,0.38,0.17209302325581396,0.3302325581395349,0.5186046511627908,0.13348837209302325
Daniel Muñoz,Crystal Palace,3228.0,56.0,3.31,15.8,23.0,17.7,2.98,3.43,1.23,1.03,0.14,0.28214285714285714,0.4107142857142857,0.31607142857142856,0.053214285714285714
Danny Welbeck,Brighton,2115.0,30.9,0.77,2.47,13.5,15.1,4.34,1.11,0.21,2.51,0.41,0.07993527508090616,0.4368932038834952,0.4886731391585761,0.14045307443365695
Dara O'Shea,Ipswich Town,3122.0,58.3,11.3,33.7,21.0,3.72,1.47,1.41,0.95,0.63,0.04,0.5780445969125215,0.3602058319039451,0.06380789022298457,0.02521440823327616
Darwin Núñez,Liverpool,1133.0,29.0,0.79,3.57,9.68,16.7,5.87,1.67,0.32,2.7,0.46,0.12310344827586206,0.33379310344827584,0.5758620689655172,0.2024137931034483
David Brooks,Bournemouth,960.0,50.9,1.4,5.51,19.3,27.0,3.64,1.31,0.47,2.34,0.23,0.10825147347740668,0.37917485265225936,0.5304518664047151,0.07151277013752456
David Raya,Arsenal,3420.0,38.9,23.2,36.5,2.42,0.0,0.0,0.0,0.05,0.0,0.0,0.9383033419023137,0.062210796915167094,0.0,0.0
Dean Henderson,Crystal Palace,3420.0,34.4,28.0,34.3,0.11,0.03,0.03,0.05,0.0,0.03,0.0,0.997093023255814,0.003197674418604651,0.0008720930232558139,0.0008720930232558139
Dean Huijsen,Bournemouth,2427.0,74.9,9.41,33.9,36.0,5.37,1.11,1.33,1.89,0.67,0.07,0.45260347129506,0.48064085447263016,0.07169559412550067,0.014819759679572764
Declan Rice,Arsenal,2825.0,62.0,2.61,10.4,28.9,23.3,2.58,1.69,0.8,1.53,0.11,0.16774193548387098,0.4661290322580645,0.3758064516129032,0.04161290322580645
Dejan Kulusevski,Tottenham Hotspur,2389.0,48.2,0.91,5.62,16.3,27.1,5.96,1.7,0.49,1.77,0.16,0.11659751037344399,0.3381742738589212,0.5622406639004149,0.12365145228215767
Destiny Udogie,Tottenham Hotspur,1924.0,64.3,2.94,18.4,28.5,18.2,2.29,3.5,1.03,0.23,0.01,0.28615863141524106,0.44323483670295494,0.28304821150855364,0.03561430793157076
Diego Carlos,Aston Villa,830.0,73.3,9.35,36.0,35.9,1.63,0.65,0.87,0.54,0.43,0.07,0.4911323328785812,0.4897680763983629,0.02223738062755798,0.008867667121418827
Diego Gómez,Brighton,516.0,70.7,3.68,15.3,37.2,19.1,1.75,3.68,1.4,1.58,0.16,0.2164073550212164,0.5261669024045262,0.27015558698727016,0.02475247524752475
Diogo Dalot,Manchester Utd,2814.0,63.4,3.61,21.1,24.7,18.1,2.17,2.17,1.18,0.8,0.06,0.332807570977918,0.38958990536277605,0.2854889589905363,0.03422712933753943
Diogo Jota,Liverpool,1196.0,36.5,0.45,2.63,14.9,19.5,7.29,1.05,0.6,3.83,0.59,0.07205479452054794,0.40821917808219177,0.5342465753424658,0.19972602739726028
Djed Spence,Tottenham Hotspur,1792.0,71.8,4.07,25.1,32.2,15.5,1.26,2.36,1.06,0.5,0.03,0.3495821727019499,0.4484679665738162,0.2158774373259053,0.01754874651810585
Dominic Calvert-Lewin,Everton,1609.0,29.1,1.45,2.51,12.0,14.8,4.92,0.5,0.39,2.79,0.37,0.08625429553264603,0.41237113402061853,0.5085910652920962,0.1690721649484536
Dominic Solanke,Tottenham Hotspur,2201.0,26.7,1.35,3.02,12.2,11.8,4.57,0.73,0.04,2.41,0.44,0.11310861423220975,0.45692883895131087,0.4419475655430712,0.1711610486891386
Dominik Szoboszlai,Liverpool,2491.0,57.2,1.16,7.94,27.5,22.6,3.75,1.37,0.32,2.42,0.26,0.1388111888111888,0.4807692307692307,0.3951048951048951,0.06555944055944056
Donyell Malen,Aston Villa,305.0,37.9,0.59,2.65,9.71,27.6,7.35,2.06,0.0,4.41,0.65,0.06992084432717678,0.25620052770448554,0.7282321899736148,0.19393139841688653
Dwight McNeil,Everton,1371.0,49.2,0.39,4.8,21.6,24.2,1.64,0.86,0.39,1.64,0.07,0.09756097560975609,0.43902439024390244,0.49186991869918695,0.03333333333333333
Eberechi Eze,Crystal Palace,2588.0,49.1,0.59,6.7,23.0,20.7,3.3,1.35,0.38,3.47,0.36,0.1364562118126273,0.4684317718940937,0.4215885947046843,0.06720977596741344
Eddie Nketiah,Crystal Palace,1034.0,35.8,0.96,4.09,15.3,17.2,5.83,1.3,0.26,3.74,0.5,0.11424581005586593,0.42737430167597773,0.48044692737430167,0.1628491620111732
Ederson,Manchester City,2320.0,37.8,26.7,37.3,0.5,0.0,0.0,0.0,0.04,0.0,0.0,0.9867724867724867,0.013227513227513229,0.0,0.0
Edson Álvarez,West Ham United,1772.0,62.9,3.4,18.3,35.2,9.85,0.61,2.54,0.91,0.61,0.02,0.29093799682034976,0.5596184419713832,0.15659777424483307,0.009697933227344992
Elliot Anderson,Nottingham Forest,2728.0,60.5,3.37,14.0,29.4,18.1,2.38,3.04,1.02,1.32,0.07,0.23140495867768596,0.4859504132231405,0.2991735537190083,0.03933884297520661
Emerson Palmieri,West Ham United,2113.0,56.4,3.49,18.0,23.8,15.3,1.19,2.55,0.89,0.68,0.09,0.3191489361702128,0.4219858156028369,0.2712765957446809,0.021099290780141843
Emil Krafth,Newcastle United,342.0,52.4,8.95,26.3,19.2,7.37,1.05,1.05,0.53,0.26,0.0,0.5019083969465649,0.366412213740458,0.14064885496183208,0.0200381679389313
Emile Smith Rowe,Fulham,2043.0,53.9,0.88,7.31,26.0,21.0,2.64,1.37,0.48,1.63,0.2,0.13562152133580704,0.48237476808905383,0.38961038961038963,0.0489795918367347
Emiliano Martínez,Aston Villa,3194.0,40.8,30.8,40.3,0.56,0.0,0.0,0.08,0.0,0.0,0.0,0.9877450980392157,0.013725490196078433,0.0,0.0
Emmanuel Agbadou,Wolves,1410.0,74.6,12.1,41.3,32.1,1.78,0.45,1.91,0.76,0.45,0.05,0.5536193029490617,0.4302949061662199,0.023860589812332442,0.0060321715817694375
Enes Ünal,Bournemouth,345.0,45.3,1.58,3.68,16.6,25.0,6.84,0.26,0.0,5.26,0.71,0.08123620309050773,0.3664459161147903,0.5518763796909493,0.1509933774834437
Enzo Fernández,Chelsea,2947.0,67.6,1.13,10.6,34.5,23.0,2.48,1.99,0.4,1.62,0.19,0.15680473372781065,0.5103550295857988,0.34023668639053256,0.03668639053254438
Erling Haaland,Manchester City,2736.0,21.0,0.72,1.32,7.3,12.6,6.25,0.36,0.16,3.42,0.72,0.06285714285714286,0.3476190476190476,0.6,0.2976190476190476
Ethan Nwaneri,Arsenal,895.0,54.9,0.3,4.44,16.9,34.2,4.44,1.11,0.2,2.42,0.12,0.08087431693989072,0.30783242258652094,0.6229508196721312,0.08087431693989072
Ethan Pinnock,Brentford,1913.0,63.3,13.8,36.8,21.5,5.12,1.13,1.64,1.13,0.47,0.05,0.5813586097946287,0.339652448657188,0.08088467614533966,0.017851500789889414
Evanilson,Bournemouth,2319.0,21.6,0.89,2.17,8.06,11.6,4.92,0.62,0.04,2.79,0.48,0.10046296296296295,0.3731481481481482,0.537037037037037,0.22777777777777775
Ezri Konsa,Aston Villa,2936.0,58.7,7.67,27.1,28.7,3.28,0.67,1.04,0.74,0.34,0.04,0.4616695059625213,0.4889267461669506,0.05587734241908006,0.011413969335604771
Fabian Schär,Newcastle United,2934.0,71.1,8.16,36.1,30.4,4.97,1.29,1.1,1.38,1.23,0.11,0.5077355836849509,0.42756680731364277,0.06990154711673699,0.018143459915611816
Fabio Carvalho,Brentford,455.0,48.4,0.78,8.63,17.8,22.2,4.31,2.55,0.59,2.35,0.49,0.17830578512396697,0.36776859504132237,0.4586776859504132,0.0890495867768595
Facundo Buonanotte,Leicester City,1523.0,51.7,1.54,7.57,26.7,18.2,2.31,3.14,0.71,2.13,0.23,0.14642166344294003,0.5164410058027079,0.3520309477756286,0.04468085106382979
Ferdi Kadioglu,Brighton,385.0,53.7,3.02,16.5,21.2,16.7,2.09,2.33,1.86,0.93,0.09,0.30726256983240224,0.39478584729981375,0.3109869646182495,0.03891992551210428
Filip Jørgensen,Chelsea,540.0,33.7,29.0,33.5,0.17,0.0,0.0,0.0,0.0,0.0,0.0,0.9940652818991097,0.005044510385756677,0.0,0.0
Flynn Downes,Southampton,2151.0,56.0,4.14,16.9,30.1,9.5,0.88,2.05,1.34,0.42,0.03,0.30178571428571427,0.5375,0.16964285714285715,0.015714285714285715
Fraser Forster,Tottenham Hotspur,630.0,32.6,30.3,32.6,0.0,0.0,0.0,0.0,0.0,0.0,0.0,1.0,0.0,0.0,0.0
Gabriel Jesus,Arsenal,608.0,44.0,1.32,4.12,15.9,24.3,7.06,1.47,0.59,2.94,0.44,0.09363636363636364,0.3613636363636364,0.5522727272727272,0.16045454545454543
Gabriel Magalhães,Arsenal,2363.0,71.2,7.19,25.6,37.5,8.56,1.52,0.95,0.61,0.84,0.1,0.3595505617977528,0.5266853932584269,0.1202247191011236,0.021348314606741574
Gabriel Martinelli,Arsenal,2290.0,39.1,0.67,4.02,9.72,26.0,7.17,0.91,0.2,2.17,0.29,0.10281329923273656,0.24859335038363173,0.6649616368286445,0.1833759590792839
George Hirst,Ipswich Town,661.0,25.8,1.64,3.84,8.36,13.8,3.84,0.41,0.27,1.92,0.29,0.14883720930232558,0.32403100775193794,0.5348837209302326,0.14883720930232558
Georginio Rutter,Brighton,1656.0,34.8,1.09,4.51,13.4,17.7,4.29,2.12,0.54,2.72,0.25,0.1295977011494253,0.38505747126436785,0.5086206896551725,0.12327586206896553
Gonçalo Guedes,Wolves,995.0,43.6,0.54,4.41,17.9,22.5,3.6,1.44,0.45,2.43,0.29,0.10114678899082569,0.4105504587155963,0.5160550458715596,0.08256880733944955
Guglielmo Vicario,Tottenham Hotspur,2160.0,38.7,26.1,37.9,0.75,0.0,0.0,0.0,0.04,0.0,0.0,0.9793281653746769,0.01937984496124031,0.0,0.0
Guido Rodríguez,West Ham United,1149.0,55.4,4.22,17.4,33.0,5.0,0.39,2.81,1.02,0.63,0.02,0.31407942238267145,0.5956678700361011,0.09025270758122744,0.00703971119133574
Harry Amass,Manchester Utd,346.0,65.8,3.42,21.6,23.2,22.1,1.32,1.58,0.53,0.79,0.03,0.32826747720364746,0.3525835866261398,0.3358662613981763,0.02006079027355623
Harry Clarke,Ipswich Town,379.0,63.8,4.29,23.8,29.0,11.2,0.48,1.19,0.95,0.24,0.02,0.3730407523510972,0.4545454545454546,0.1755485893416928,0.007523510971786834
Harry Maguire,Manchester Utd,1758.0,68.1,7.54,33.4,31.6,3.9,2.26,1.54,2.05,0.77,0.09,0.4904552129221733,0.4640234948604993,0.05726872246696035,0.03318649045521292
Harry Wilson,Fulham,1162.0,46.4,0.85,6.28,15.7,25.1,4.88,1.55,0.54,3.33,0.33,0.13534482758620692,0.33836206896551724,0.5409482758620691,0.10517241379310345
Harry Winks,Leicester City,1538.0,67.7,2.87,16.1,43.6,8.83,0.06,1.4,0.53,0.58,0.01,0.2378138847858198,0.6440177252584933,0.13042836041358935,0.0008862629246676513
Harvey Barnes,Newcastle United,1755.0,41.5,0.87,4.97,13.2,23.7,6.56,0.82,0.31,3.23,0.37,0.1197590361445783,0.3180722891566265,0.5710843373493976,0.1580722891566265
Harvey Elliott,Liverpool,371.0,82.7,1.22,7.8,40.0,35.1,5.12,1.22,0.24,4.15,0.44,0.09431680773881498,0.48367593712212814,0.4244256348246675,0.0619105199516324
Hwang Hee-chan,Wolves,661.0,37.1,1.37,5.75,14.4,17.3,3.29,0.82,0.27,0.68,0.11,0.1549865229110512,0.3881401617250674,0.46630727762803237,0.08867924528301886
Ian Maatsen,Aston Villa,1139.0,72.2,4.41,19.4,26.3,27.4,3.7,2.28,1.18,1.5,0.07,0.26869806094182824,0.36426592797783935,0.37950138504155123,0.05124653739612189
Ibrahim Sangaré,Nottingham Forest,590.0,61.7,3.94,16.7,37.4,7.88,1.06,4.24,0.91,0.15,0.0,0.27066450567260936,0.6061588330632091,0.12771474878444083,0.017179902755267422
Ibrahima Konaté,Liverpool,2560.0,76.9,7.85,32.7,40.3,4.19,0.81,1.41,0.6,0.67,0.06,0.42522756827048114,0.5240572171651494,0.05448634590377113,0.010533159947984394
Idrissa Gana Gueye,Everton,3063.0,53.0,2.12,12.7,30.7,9.88,0.62,3.91,1.41,0.79,0.03,0.23962264150943394,0.5792452830188679,0.18641509433962267,0.01169811320754717
Igor,Brighton,961.0,76.3,10.2,36.0,35.6,5.05,0.09,0.47,0.37,0.09,0.0,0.471821756225426,0.4665792922673657,0.06618610747051114,0.001179554390563565
Iliman Ndiaye,Everton,2430.0,40.1,1.33,8.11,16.7,17.2,3.07,1.96,0.74,1.3,0.23,0.2022443890274314,0.4164588528678304,0.428927680798005,0.07655860349127182
Illia Zabarnyi,Bournemouth,3109.0,59.8,6.78,26.9,31.2,2.23,0.46,1.51,1.19,0.35,0.04,0.4498327759197324,0.5217391304347826,0.03729096989966555,0.007692307692307693
Ismaila Sarr,Crystal Palace,2711.0,36.2,1.59,5.98,13.7,17.0,4.49,0.73,0.3,1.96,0.36,0.16519337016574587,0.3784530386740331,0.46961325966850825,0.12403314917127072
Issa Diop,Fulham,1339.0,60.6,8.39,33.4,25.6,1.74,0.87,1.74,0.6,0.34,0.03,0.5511551155115512,0.42244224422442245,0.02871287128712871,0.014356435643564355
Jack Clarke,Ipswich Town,1181.0,42.2,1.83,9.54,17.5,16.4,2.9,2.44,0.53,1.3,0.09,0.22606635071090045,0.41469194312796204,0.38862559241706157,0.06872037914691942
Jack Grealish,Manchester City,721.0,65.1,1.88,5.25,20.3,40.5,8.88,1.13,0.25,1.88,0.14,0.08064516129032259,0.31182795698924737,0.6221198156682028,0.13640552995391708
Jack Harrison,Everton,2076.0,41.0,1.56,6.8,14.5,20.0,2.99,1.39,0.43,1.26,0.15,0.16585365853658537,0.35365853658536583,0.4878048780487805,0.07292682926829269
Jack Hinshelwood,Brighton,1842.0,58.5,2.44,15.7,27.3,15.8,1.71,1.32,0.78,0.88,0.13,0.26837606837606837,0.4666666666666667,0.2700854700854701,0.02923076923076923
Jack Stephens,Southampton,1389.0,71.2,8.31,29.9,35.3,6.3,0.71,2.21,0.84,0.26,0.04,0.41994382022471904,0.49578651685393255,0.08848314606741572,0.00997191011235955
Jack Taylor,Ipswich Town,860.0,55.6,3.33,16.8,29.3,10.7,0.83,2.08,0.94,1.98,0.07,0.302158273381295,0.5269784172661871,0.1924460431654676,0.014928057553956833
Jacob Greaves,Ipswich Town,2205.0,57.3,11.3,30.4,23.2,3.88,0.9,1.63,0.86,0.41,0.05,0.5305410122164049,0.4048865619546248,0.06771378708551483,0.015706806282722516
Jacob Murphy,Newcastle United,2360.0,48.5,1.03,7.18,18.1,23.7,3.51,1.07,0.5,1.64,0.22,0.14804123711340206,0.3731958762886598,0.488659793814433,0.07237113402061855
Jacob Ramsey,Aston Villa,1623.0,42.3,0.67,8.11,15.1,19.9,4.11,1.67,0.44,1.06,0.09,0.191725768321513,0.35697399527186763,0.47044917257683216,0.0971631205673759
Jaden Philogene Bidace,Aston Villa,403.0,40.35,1.4849999999999999,8.65,13.7,18.450000000000003,3.59,2.805,1.35,2.0749999999999997,0.26,0.2143742255266419,0.33952912019826514,0.4572490706319703,0.0889714993804213
Jadon Sancho,Chelsea,1764.0,49.7,0.66,5.97,14.4,29.8,6.17,0.66,0.1,1.22,0.11,0.12012072434607644,0.289738430583501,0.5995975855130784,0.12414486921529175
Jake O'Brien,Everton,1571.0,51.4,5.31,21.4,22.3,7.94,1.26,1.49,0.23,0.34,0.05,0.41634241245136183,0.433852140077821,0.15447470817120623,0.0245136186770428
Jakub Kiwior,Arsenal,1122.0,67.7,8.0,22.5,39.5,5.76,0.4,1.76,0.48,0.24,0.02,0.33234859675036926,0.5834564254062038,0.08508124076809453,0.005908419497784343
Jakub Stolarczyk,Leicester City,900.0,41.1,30.9,40.6,0.6,0.0,0.0,0.2,0.0,0.0,0.0,0.9878345498783455,0.014598540145985401,0.0,0.0
James Bree,Southampton,1075.0,58.3,4.12,18.6,25.9,14.3,0.92,1.6,0.76,0.34,0.01,0.3190394511149229,0.44425385934819894,0.24528301886792456,0.015780445969125215
James Garner,Everton,1594.0,55.2,2.26,12.8,28.9,14.0,0.85,2.66,1.3,0.68,0.04,0.2318840579710145,0.5235507246376812,0.25362318840579706,0.01539855072463768
James Hill,Bournemouth,448.0,63.8,3.8,19.8,33.4,10.8,1.6,3.0,1.8,1.2,0.06,0.3103448275862069,0.5235109717868338,0.16927899686520378,0.025078369905956115
James Justin,Leicester City,2912.0,60.1,4.66,21.4,27.2,11.9,1.17,1.79,1.42,0.77,0.05,0.35607321131447583,0.4525790349417637,0.19800332778702162,0.0194675540765391
James Maddison,Tottenham Hotspur,1809.0,72.8,1.29,10.4,34.4,28.7,3.83,1.54,0.6,1.94,0.29,0.14285714285714288,0.4725274725274725,0.3942307692307692,0.05260989010989011
James Mcatee,Manchester City,349.0,43.1,0.51,4.36,15.9,23.1,5.38,1.28,0.51,3.08,0.72,0.10116009280742459,0.36890951276102085,0.5359628770301624,0.1248259860788863
James Tarkowski,Everton,2922.0,52.5,10.9,30.0,19.5,3.26,1.75,1.97,1.26,0.46,0.04,0.5714285714285714,0.37142857142857144,0.06209523809523809,0.03333333333333333
James Ward-Prowse,West Ham United,719.5,60.2,2.7800000000000002,13.399999999999999,35.35,11.95,0.595,1.325,0.9199999999999999,0.7899999999999999,0.08,0.2225913621262458,0.5872093023255814,0.1985049833887043,0.009883720930232558
Jamie Vardy,Leicester City,2823.0,18.7,0.96,1.94,8.66,8.28,3.54,0.61,0.16,1.78,0.36,0.10374331550802139,0.4631016042780749,0.4427807486631016,0.1893048128342246
Jan Bednarek,Southampton,2531.0,72.9,13.7,38.8,32.9,1.46,0.53,1.28,1.99,0.18,0.02,0.5322359396433469,0.45130315500685864,0.020027434842249656,0.007270233196159122
Jan Paul van Hecke,Brighton,2958.0,78.7,8.27,33.3,41.0,5.05,1.0,1.37,0.73,0.52,0.04,0.423125794155019,0.5209656925031766,0.06416772554002541,0.012706480304955527
Jannik Vestergaard,Leicester City,1391.0,70.5,12.6,36.9,32.1,1.81,0.65,1.42,1.03,0.19,0.01,0.5234042553191489,0.45531914893617026,0.02567375886524823,0.00921985815602837
Jarell Quansah,Liverpool,495.0,84.4,14.5,44.5,34.4,5.45,1.09,2.18,1.27,0.18,0.02,0.5272511848341231,0.4075829383886255,0.06457345971563981,0.012914691943127962
Jarrad Branthwaite,Everton,2511.0,54.5,7.56,28.1,24.2,2.47,1.0,1.29,0.97,0.36,0.04,0.5155963302752293,0.4440366972477064,0.0453211009174312,0.01834862385321101
Jarrod Bowen,West Ham United,2973.0,37.9,0.85,4.0,14.1,20.5,5.18,1.24,0.48,2.61,0.26,0.10554089709762533,0.3720316622691293,0.5408970976253298,0.1366754617414248
Jean-Clair Todibo,West Ham United,1825.0,63.9,8.13,35.3,26.7,2.32,0.54,2.32,1.28,0.25,0.02,0.5524256651017214,0.41784037558685444,0.03630672926447574,0.008450704225352114
Jean-Philippe Mateta,Crystal Palace,2648.0,25.1,0.88,2.18,11.9,11.6,3.2,0.61,0.07,2.31,0.46,0.08685258964143426,0.4741035856573705,0.46215139442231074,0.12749003984063745
Jean-Ricner Bellegarde,Wolves,1677.0,45.3,1.29,7.96,21.2,17.1,2.58,2.1,0.54,1.18,0.08,0.17571743929359823,0.46799116997792495,0.3774834437086093,0.05695364238410597
Jefferson Lerma,Crystal Palace,2274.0,55.6,4.9,18.5,27.8,9.64,1.15,1.38,1.66,1.03,0.04,0.3327338129496403,0.5,0.1733812949640288,0.020683453237410068
Jens Cajuste,Ipswich Town,1959.0,46.7,2.8,13.1,24.3,9.95,0.69,2.02,1.28,0.55,0.03,0.2805139186295503,0.5203426124197001,0.21306209850107063,0.014775160599571733
Jeremy Doku,Manchester City,1516.0,61.1,0.24,2.74,13.9,46.0,9.58,1.85,0.24,1.73,0.08,0.04484451718494272,0.22749590834697217,0.7528641571194763,0.15679214402618658
Jesper Lindstrøm,Everton,1239.0,45.3,1.59,9.2,14.9,22.0,2.9,3.26,0.87,2.03,0.15,0.20309050772626933,0.32891832229580575,0.48565121412803536,0.06401766004415012
Joachim Andersen,Fulham,2583.0,87.2,12.9,40.5,42.65,4.275,0.385,0.97,0.59,0.8300000000000001,0.015,0.46444954128440363,0.4891055045871559,0.04902522935779817,0.004415137614678899
Joe Aribo,Southampton,2013.0,56.7,2.32,14.0,29.9,13.3,1.96,2.1,0.89,0.76,0.12,0.24691358024691357,0.5273368606701939,0.2345679012345679,0.0345679012345679
Joe Gomez,Liverpool,519.0,82.9,9.31,31.6,45.5,6.38,0.86,2.24,1.21,0.52,0.05,0.38118214716525933,0.548854041013269,0.07696019300361881,0.01037394451145959
Joe Willock,Newcastle United,1086.0,44.0,0.99,6.12,19.1,19.8,4.55,2.48,0.5,1.49,0.13,0.1390909090909091,0.43409090909090914,0.45,0.10340909090909091
Joelinton,Newcastle United,2393.0,51.1,2.52,9.62,25.2,16.8,3.12,2.14,0.86,1.69,0.15,0.1882583170254403,0.4931506849315068,0.3287671232876712,0.06105675146771037
John McGinn,Aston Villa,2223.0,43.4,1.26,6.64,22.6,14.6,2.35,1.34,0.57,1.26,0.13,0.15299539170506912,0.5207373271889402,0.33640552995391704,0.05414746543778802
John Stones,Manchester City,548.0,72.5,6.56,23.3,38.4,11.1,0.66,0.98,0.66,0.33,0.07,0.3213793103448276,0.5296551724137931,0.15310344827586206,0.00910344827586207
Jonny Evans,Manchester Utd,315.0,71.4,10.3,39.7,28.6,4.29,0.86,2.29,1.43,0.57,0.03,0.5560224089635855,0.4005602240896358,0.06008403361344537,0.012044817927170867
Jordan Ayew,Leicester City,1638.0,51.9,0.575,2.83,28.7,21.05,4.01,3.24,0.33,3.35,1.34,0.05452793834296725,0.5529865125240848,0.40558766859344897,0.07726396917148362
Jordan Pickford,Everton,3420.0,44.9,29.4,43.2,1.82,0.0,0.0,0.03,0.03,0.0,0.0,0.9621380846325168,0.04053452115812918,0.0,0.0
Jorge Cuenca,Fulham,351.0,54.9,9.74,34.4,19.0,1.79,0.26,1.54,0.51,0.26,0.0,0.6265938069216758,0.34608378870673956,0.03260473588342441,0.004735883424408015
Jorginho,Arsenal,704.0,66.9,1.15,11.9,39.0,16.8,0.38,1.54,0.9,0.26,0.01,0.17787742899850523,0.5829596412556053,0.25112107623318386,0.005680119581464873
Joshua Zirkzee,Manchester Utd,1402.0,37.6,1.03,4.55,19.4,14.0,3.59,0.9,0.38,1.79,0.31,0.12101063829787233,0.5159574468085106,0.3723404255319149,0.09547872340425531
José Sá,Wolves,2609.0,34.0,27.1,33.7,0.34,0.0,0.0,0.07,0.0,0.0,0.0,0.9911764705882353,0.01,0.0,0.0
Jota Silva,Nottingham Forest,854.0,37.6,2.0,8.74,10.9,19.1,4.84,2.84,1.26,2.42,0.22,0.2324468085106383,0.2898936170212766,0.5079787234042553,0.12872340425531914
João Félix,Chelsea,369.0,66.3,0.49,6.34,31.2,30.5,7.32,1.95,0.73,4.88,0.54,0.09562594268476622,0.47058823529411764,0.4600301659125189,0.11040723981900454
João Gomes,Wolves,2974.0,60.5,1.88,13.1,33.5,14.9,1.36,3.52,0.76,1.06,0.09,0.2165289256198347,0.5537190082644629,0.2462809917355372,0.02247933884297521
João Pedro,Brighton,1948.0,43.5,0.56,2.78,17.9,23.5,5.65,0.74,0.42,1.94,0.41,0.0639080459770115,0.41149425287356317,0.5402298850574713,0.1298850574712644
Joël Veltman,Brighton,1697.0,59.9,3.44,17.6,29.5,13.4,0.53,2.28,1.01,0.32,0.03,0.29382303839732893,0.4924874791318865,0.2237061769616027,0.008848080133555928
Joško Gvardiol,Manchester City,3277.0,85.2,4.01,21.0,42.6,22.4,2.69,1.59,1.21,1.1,0.13,0.24647887323943662,0.5,0.2629107981220657,0.03157276995305164
Julian Araujo,Bournemouth,497.0,50.0,3.64,16.4,24.7,10.0,0.36,1.82,1.09,0.0,0.0,0.32799999999999996,0.494,0.2,0.0072
Julio Enciso,Ipswich Town,869.0,51.55,0.565,5.255000000000001,21.3,26.200000000000003,4.215,0.62,0.05,4.68,0.24,0.10193986420950535,0.41319107662463633,0.5082444228903977,0.08176527643064986
Jurriën Timber,Arsenal,2417.0,61.7,1.9,11.3,31.9,18.8,2.45,2.16,0.82,0.52,0.04,0.18314424635332252,0.5170178282009724,0.3047001620745543,0.03970826580226904
Justin Devenny,Crystal Palace,507.0,49.8,1.43,9.46,26.6,14.8,1.43,3.04,0.0,1.79,0.14,0.18995983935742974,0.534136546184739,0.29718875502008035,0.028714859437751004
Justin Kluivert,Bournemouth,2340.0,41.8,0.92,3.81,14.1,24.7,5.15,0.88,0.54,2.19,0.4,0.09114832535885169,0.33732057416267947,0.5909090909090909,0.12320574162679428
Jáder Durán,Aston Villa,638.0,37.0,1.83,5.07,15.5,17.2,6.62,1.13,0.0,4.37,0.69,0.13702702702702704,0.4189189189189189,0.46486486486486484,0.17891891891891892
Jørgen Strand Larsen,Wolves,2587.0,25.6,1.25,2.96,12.1,10.6,3.76,0.35,0.21,1.88,0.36,0.11562499999999999,0.47265624999999994,0.41406249999999994,0.14687499999999998
Kai Havertz,Arsenal,1875.0,37.7,1.49,4.42,13.8,19.8,5.14,0.77,0.29,2.55,0.46,0.11724137931034481,0.3660477453580902,0.5251989389920424,0.13633952254641907
Kalvin Phillips,Ipswich Town,1237.0,53.9,4.45,16.3,29.1,8.91,0.36,2.55,1.39,0.8,0.03,0.30241187384044527,0.5398886827458257,0.1653061224489796,0.006679035250463821
Kamaldeen Sulemana,Southampton,1402.0,37.6,1.09,5.9,14.0,19.3,3.78,1.41,0.38,1.86,0.1,0.15691489361702127,0.3723404255319149,0.5132978723404256,0.10053191489361701
Kaoru Mitoma,Brighton,2603.0,47.6,0.59,5.36,16.2,27.1,5.67,1.56,0.48,1.97,0.32,0.11260504201680673,0.34033613445378147,0.569327731092437,0.11911764705882352
Kasey McAteer,Leicester City,852.0,39.9,2.21,8.0,14.8,17.8,3.16,2.42,0.53,1.37,0.11,0.2005012531328321,0.3709273182957394,0.4461152882205514,0.07919799498746868
Keane Lewis-Potter,Brentford,3093.0,46.9,2.97,14.7,18.2,14.7,2.15,1.42,0.61,0.81,0.09,0.31343283582089554,0.3880597014925373,0.31343283582089554,0.045842217484008525
Kenny Tete,Fulham,1774.0,61.2,4.01,20.4,24.6,16.7,1.88,2.84,1.62,1.22,0.07,0.3333333333333333,0.4019607843137255,0.272875816993464,0.03071895424836601
Kepa Arrizabalaga,Bournemouth,2790.0,35.1,25.8,34.1,0.94,0.03,0.03,0.03,0.0,0.03,0.0,0.9715099715099715,0.026780626780626777,0.0008547008547008546,0.0008547008547008546
Kevin Danso,Tottenham Hotspur,842.0,71.9,11.5,41.9,27.3,3.09,0.85,0.74,0.64,0.74,0.04,0.5827538247566063,0.3796940194714882,0.04297635605006954,0.011821974965229484
Kevin De Bruyne,Manchester City,1702.0,72.4,0.53,3.97,24.1,45.0,4.18,0.9,0.37,3.02,0.27,0.054834254143646406,0.3328729281767956,0.6215469613259668,0.05773480662983425
Kevin Schade,Brentford,2293.0,34.6,1.69,6.04,9.33,19.9,5.73,1.53,0.2,2.16,0.32,0.1745664739884393,0.26965317919075144,0.5751445086705201,0.16560693641618499
Kieran Trippier,Newcastle United,1309.0,95.7,3.45,25.9,42.5,28.0,0.9,2.62,0.83,0.28,0.01,0.27063740856844304,0.44409613375130613,0.29258098223615464,0.009404388714733543
Kobbie Mainoo,Manchester Utd,1651.0,58.0,1.37,10.8,32.1,15.7,1.97,2.51,1.04,0.82,0.04,0.18620689655172415,0.553448275862069,0.2706896551724138,0.03396551724137931
Konstantinos Mavropanos,West Ham United,2045.0,67.5,10.7,35.5,29.6,2.78,1.06,1.54,1.76,0.79,0.07,0.5259259259259259,0.43851851851851853,0.04118518518518518,0.015703703703703706
Kostas Tsimikas,Liverpool,837.0,79.7,3.55,20.4,35.2,24.6,1.4,3.33,1.18,0.43,0.04,0.25595984943538264,0.44165621079046424,0.3086574654956085,0.01756587202007528
Kristoffer Ajer,Brentford,1438.0,49.7,3.31,16.6,23.0,10.5,2.38,1.63,0.75,0.56,0.06,0.33400402414486924,0.46277665995975853,0.2112676056338028,0.047887323943661964
Kyle Walker,Manchester City,970.0,82.6,2.41,18.2,43.8,21.1,0.46,1.57,0.28,0.46,0.01,0.22033898305084745,0.5302663438256658,0.2554479418886199,0.005569007263922519
Kyle Walker-Peters,Southampton,2918.0,62.4,4.66,19.0,27.3,16.7,1.82,1.36,0.59,0.62,0.02,0.3044871794871795,0.4375,0.2676282051282051,0.029166666666666667
Lamare Bogarde,Aston Villa,476.0,61.3,3.02,17.9,36.0,7.55,0.75,2.64,0.19,0.19,0.0,0.2920065252854812,0.5872756933115824,0.12316476345840131,0.012234910277324634
Leandro Trossard,Arsenal,2546.0,45.2,0.6,4.77,14.1,26.9,5.58,1.1,0.32,2.54,0.25,0.10553097345132742,0.31194690265486724,0.5951327433628318,0.12345132743362831
Leif Davis,Ipswich Town,2743.0,51.2,3.84,17.5,17.0,17.3,1.38,1.51,0.82,0.52,0.03,0.341796875,0.33203125,0.337890625,0.026953124999999998
Leny Yoro,Manchester Utd,1165.0,69.3,6.74,32.0,32.1,5.43,1.01,2.25,1.4,0.39,0.05,0.46176046176046176,0.46320346320346323,0.07835497835497836,0.014574314574314575
Leon Bailey,Aston Villa,1139.0,42.9,1.42,6.06,12.2,25.4,5.51,0.55,0.24,2.2,0.13,0.14125874125874124,0.28438228438228436,0.592074592074592,0.12843822843822844
Lesley Ugochukwu,Southampton,1655.0,47.8,2.72,11.7,27.2,9.18,1.3,2.72,0.76,0.54,0.05,0.24476987447698745,0.5690376569037657,0.19205020920502092,0.027196652719665274
Levi Colwill,Chelsea,3149.0,83.0,10.9,38.9,40.5,4.0,1.03,1.34,0.94,0.49,0.05,0.4686746987951807,0.4879518072289157,0.04819277108433735,0.012409638554216867
Lewis Cook,Bournemouth,2978.0,57.4,2.63,13.3,30.5,14.2,0.6,2.45,1.24,0.42,0.03,0.23170731707317074,0.5313588850174216,0.24738675958188153,0.010452961672473867
Lewis Dunk,Brighton,2083.0,92.1,11.2,43.0,44.6,4.89,0.91,0.74,0.56,0.52,0.03,0.4668838219326819,0.484256243213898,0.05309446254071661,0.00988056460369164
Lewis Hall,Newcastle United,2189.0,74.9,3.91,25.6,33.1,17.0,1.93,2.39,0.74,0.45,0.02,0.3417890520694259,0.4419225634178905,0.2269692923898531,0.02576769025367156
Lewis Miley,Newcastle United,313.0,67.1,1.43,12.6,35.4,19.4,1.71,4.0,0.57,0.86,0.14,0.18777943368107303,0.5275707898658718,0.28912071535022354,0.02548435171385991
Liam Delap,Ipswich Town,2593.0,23.7,1.01,2.71,10.1,11.6,3.19,0.38,0.07,2.29,0.32,0.11434599156118144,0.42616033755274263,0.48945147679324896,0.13459915611814346
Lisandro Martínez,Manchester Utd,1751.0,78.2,8.0,36.6,35.7,6.41,0.92,2.05,1.64,0.87,0.07,0.4680306905370844,0.4565217391304348,0.0819693094629156,0.011764705882352941
Lloyd Kelly,Newcastle United,303.0,63.2,7.65,30.9,27.6,5.59,1.18,1.47,0.29,0.88,0.12,0.48892405063291133,0.43670886075949367,0.0884493670886076,0.018670886075949366
Lucas Bergvall,Tottenham Hotspur,1212.0,65.6,2.67,13.9,35.4,17.2,1.63,2.89,1.78,0.89,0.05,0.21189024390243905,0.5396341463414634,0.2621951219512195,0.024847560975609757
Lucas Digne,Aston Villa,2351.0,58.5,3.72,20.7,17.5,20.7,1.07,2.49,0.96,0.5,0.03,0.3538461538461538,0.29914529914529914,0.3538461538461538,0.01829059829059829
Lucas Paquetá,West Ham United,2380.0,68.0,2.35,13.9,37.5,17.2,2.23,2.5,0.68,1.48,0.2,0.20441176470588235,0.5514705882352942,0.2529411764705882,0.03279411764705882
Luis Díaz,Liverpool,2399.0,44.3,0.64,3.37,15.3,26.4,6.25,1.46,0.26,2.66,0.45,0.0760722347629797,0.345372460496614,0.5959367945823928,0.14108352144469527
Luke Shaw,Manchester Utd,349.0,81.3,6.67,32.8,38.2,10.8,1.03,1.03,0.51,0.26,0.0,0.4034440344403444,0.46986469864698654,0.13284132841328414,0.012669126691266913
Luke Thomas,Leicester City,1110.0,63.0,4.07,23.9,29.8,9.76,0.65,2.52,1.71,0.41,0.03,0.37936507936507935,0.473015873015873,0.15492063492063493,0.010317460317460317
Luke Woolfenden,Ipswich Town,1187.0,52.6,11.1,30.8,21.1,0.68,0.23,0.68,1.44,0.08,0.0,0.5855513307984791,0.40114068441064643,0.012927756653992395,0.004372623574144487
Mads Hermansen,Leicester City,2385.0,43.3,31.4,41.7,1.62,0.0,0.0,0.04,0.0,0.0,0.0,0.9630484988452657,0.0374133949191686,0.0,0.0
Mads Roerslev,Brentford,1101.0,52.9,4.02,19.2,22.0,12.0,1.64,1.48,0.33,0.41,0.02,0.3629489603024575,0.41587901701323254,0.22684310018903592,0.03100189035916824
Malo Gusto,Chelsea,1862.0,77.1,3.09,18.7,37.3,21.8,2.08,2.17,1.16,1.06,0.08,0.24254215304798962,0.48378728923476005,0.28274967574578475,0.026977950713359275
Manuel Akanji,Manchester City,2014.0,84.0,5.31,25.0,41.1,18.1,0.85,0.85,0.4,0.67,0.07,0.2976190476190476,0.4892857142857143,0.2154761904761905,0.01011904761904762
Manuel Ugarte,Manchester Utd,1785.0,58.6,2.32,16.7,32.3,10.7,0.81,3.89,1.36,0.96,0.05,0.2849829351535836,0.5511945392491467,0.1825938566552901,0.013822525597269625
Marc Cucurella,Chelsea,2988.0,67.6,3.58,20.4,31.5,16.0,2.26,2.02,0.84,0.72,0.08,0.30177514792899407,0.4659763313609468,0.2366863905325444,0.03343195266272189
Marc Guéhi,Crystal Palace,3059.0,62.7,9.15,30.9,27.7,4.35,1.15,1.79,0.82,0.44,0.06,0.492822966507177,0.441786283891547,0.069377990430622,0.018341307814992023
Marco Asensio,Aston Villa,743.0,46.5,0.72,4.58,19.0,24.1,3.61,0.84,0.24,2.65,0.53,0.09849462365591398,0.40860215053763443,0.5182795698924731,0.07763440860215054
Marcos Senesi,Bournemouth,1106.0,72.3,5.93,31.8,34.7,6.67,1.3,3.17,1.14,0.24,0.07,0.4398340248962656,0.4799446749654219,0.09225449515905948,0.01798063623789765
Marcus Rashford,Manchester Utd,711.0,43.349999999999994,0.345,3.035,14.55,26.4,4.62,1.34,0.28500000000000003,2.57,0.395,0.07001153402537487,0.33564013840830453,0.6089965397923875,0.10657439446366784
Marcus Tavernier,Bournemouth,1939.0,55.6,0.93,6.28,21.8,28.9,2.7,2.0,0.23,2.65,0.26,0.11294964028776978,0.3920863309352518,0.5197841726618705,0.048561151079136694
Mario Lemina,Wolves,1364.0,53.2,6.05,21.3,24.9,7.83,1.18,3.36,1.78,1.18,0.09,0.40037593984962405,0.4680451127819548,0.14718045112781955,0.022180451127819547
Mark Flekken,Brentford,3275.0,50.1,39.5,48.8,1.43,0.0,0.0,0.11,0.0,0.0,0.0,0.9740518962075847,0.028542914171656684,0.0,0.0
Mark Travers,Bournemouth,450.0,32.4,28.8,31.8,0.6,0.0,0.0,0.0,0.0,0.0,0.0,0.9814814814814815,0.018518518518518517,0.0,0.0
Marshall Munetsi,Wolves,1078.0,30.3,1.75,4.83,15.2,10.7,3.0,2.0,0.5,1.83,0.27,0.1594059405940594,0.5016501650165016,0.3531353135313531,0.099009900990099
Martin Dúbravka,Newcastle United,900.0,35.0,26.2,33.7,1.4,0.0,0.0,0.0,0.0,0.0,0.0,0.962857142857143,0.04,0.0,0.0
Martin Ødegaard,Arsenal,2325.0,65.7,0.35,4.88,27.4,33.9,4.46,0.74,0.23,1.86,0.19,0.07427701674277017,0.4170471841704718,0.5159817351598173,0.06788432267884323
Mason Mount,Manchester Utd,622.0,49.1,1.59,6.52,23.3,19.9,4.49,2.17,0.58,2.9,0.46,0.13279022403258656,0.4745417515274949,0.405295315682281,0.0914460285132383
Mateo Kovačić,Manchester City,2198.0,87.0,2.17,13.0,49.1,25.7,0.7,2.83,0.98,1.84,0.08,0.14942528735632185,0.5643678160919541,0.29540229885057473,0.008045977011494253
Mateus Fernandes,Southampton,2909.0,54.5,2.23,11.9,26.8,16.9,1.52,2.76,0.87,1.3,0.12,0.21834862385321102,0.4917431192660551,0.310091743119266,0.027889908256880733
Matheus Cunha,Wolves,2597.0,54.0,0.8,6.26,24.0,25.4,4.6,1.31,0.59,3.81,0.3,0.11592592592592592,0.4444444444444444,0.4703703703703703,0.08518518518518518
Matheus Nunes,Manchester City,1674.0,76.1,2.53,13.5,30.1,33.0,3.33,1.88,0.81,0.48,0.06,0.17739816031537453,0.3955321944809462,0.43363994743758216,0.043758212877792385
Mathias Jensen,Brentford,862.0,59.7,2.81,13.1,25.3,21.6,0.94,1.46,0.83,0.63,0.02,0.21943048576214405,0.423785594639866,0.36180904522613067,0.01574539363484087
Mathys Tel,Tottenham Hotspur,911.0,41.0,0.89,5.74,14.9,21.5,3.96,1.58,0.2,2.18,0.3,0.14,0.36341463414634145,0.524390243902439,0.09658536585365854
Mats Wieffer,Brighton,1015.0,76.7,4.87,19.7,39.8,18.2,1.95,5.13,1.5,0.8,0.07,0.25684485006518903,0.5189048239895697,0.23728813559322032,0.02542372881355932
Matt Doherty,Wolves,2109.0,65.6,5.38,26.2,32.0,8.12,1.11,1.62,0.94,0.43,0.04,0.39939024390243905,0.48780487804878053,0.12378048780487805,0.016920731707317078
Matt O'Riley,Brighton,938.0,50.5,1.92,7.69,22.3,20.7,4.52,1.54,1.25,2.02,0.27,0.15227722772277227,0.4415841584158416,0.4099009900990099,0.0895049504950495
Matthijs de Ligt,Manchester Utd,2123.0,68.1,7.8,35.1,31.0,2.37,1.23,1.27,1.4,0.76,0.11,0.5154185022026432,0.45521292217327464,0.03480176211453745,0.018061674008810574
Matty Cash,Aston Villa,2070.0,51.6,3.91,18.8,20.1,13.2,1.83,2.43,1.0,0.57,0.02,0.3643410852713178,0.38953488372093026,0.25581395348837205,0.035465116279069765
Matz Sels,Nottingham Forest,3420.0,29.0,21.9,28.5,0.53,0.0,0.0,0.03,0.0,0.0,0.0,0.9827586206896551,0.018275862068965518,0.0,0.0
Max Kilman,West Ham United,3348.0,63.8,12.5,35.4,25.9,3.04,0.86,1.05,1.02,0.35,0.04,0.554858934169279,0.4059561128526646,0.04764890282131662,0.013479623824451411
Maxence Lacroix,Crystal Palace,3116.0,55.9,10.5,34.2,19.4,2.46,1.3,1.97,1.56,0.87,0.1,0.6118067978533096,0.3470483005366726,0.04400715563506261,0.023255813953488372
Michael Kayode,Brentford,528.0,53.1,3.9,17.1,20.5,16.4,2.2,2.88,1.19,0.34,0.03,0.3220338983050848,0.3860640301318267,0.30885122410546134,0.04143126177024482
Michael Keane,Everton,1049.0,43.8,9.06,25.2,16.9,1.88,1.45,1.03,1.37,0.85,0.05,0.5753424657534246,0.3858447488584475,0.042922374429223746,0.033105022831050226
Michail Antonio,West Ham United,836.0,31.8,0.32,2.8,13.3,16.2,3.87,0.22,0.0,2.04,0.24,0.0880503144654088,0.41823899371069184,0.5094339622641509,0.12169811320754717
Micky van de Ven,Tottenham Hotspur,1015.0,79.2,9.73,40.7,36.1,3.19,0.8,0.88,0.88,0.53,0.05,0.513888888888889,0.45580808080808083,0.04027777777777777,0.010101010101010102
Mikel Merino,Arsenal,1586.0,44.5,2.1,7.95,18.8,18.4,4.49,2.61,0.85,2.16,0.34,0.17865168539325843,0.42247191011235957,0.4134831460674157,0.10089887640449438
Mikey Moore,Tottenham Hotspur,366.0,34.6,0.98,4.15,10.5,20.2,3.17,0.49,0.24,0.73,0.05,0.11994219653179192,0.30346820809248554,0.5838150289017341,0.09161849710982659
Mikkel Damsgaard,Brentford,2911.0,58.3,1.11,10.2,26.7,22.1,2.35,2.57,0.84,1.08,0.09,0.17495711835334476,0.45797598627787306,0.37907375643224706,0.04030874785591767
Milos Kerkez,Bournemouth,3336.0,58.2,3.02,14.9,24.3,19.7,1.86,1.4,1.21,0.51,0.02,0.25601374570446733,0.4175257731958763,0.33848797250859103,0.031958762886597936
Mohamed Salah,Liverpool,3371.0,45.2,0.29,2.59,13.3,29.8,9.49,0.56,0.24,3.23,0.67,0.0573008849557522,0.2942477876106195,0.6592920353982301,0.20995575221238938
Mohammed Kudus,West Ham United,2590.0,44.2,0.45,5.94,18.6,21.3,4.41,1.32,0.14,2.6,0.24,0.1343891402714932,0.42081447963800905,0.4819004524886878,0.09977375565610859
Moisés Caicedo,Chelsea,3351.0,69.3,2.55,15.1,42.2,12.8,0.4,3.06,1.32,0.54,0.02,0.2178932178932179,0.608946608946609,0.18470418470418473,0.005772005772005773
Morato,Nottingham Forest,907.0,45.2,8.91,26.7,16.8,1.88,0.2,2.18,0.99,0.2,0.02,0.5907079646017699,0.3716814159292035,0.04159292035398229,0.004424778761061947
Morgan Gibbs-White,Nottingham Forest,2803.0,52.3,1.13,5.95,26.7,20.5,2.96,1.38,0.74,1.96,0.2,0.11376673040152965,0.5105162523900574,0.3919694072657744,0.05659655831739962
Morgan Rogers,Aston Villa,3114.0,39.4,1.24,5.78,17.1,17.3,4.1,1.24,0.17,1.59,0.19,0.14670050761421322,0.434010152284264,0.4390862944162437,0.10406091370558375
Murillo,Nottingham Forest,3188.0,54.2,11.9,27.9,23.7,2.97,0.68,1.5,1.02,0.71,0.04,0.5147601476014759,0.4372693726937269,0.054797047970479705,0.012546125461254613
Myles Lewis-Skelly,Arsenal,1369.0,59.5,1.84,11.7,31.3,17.4,1.12,1.45,0.46,0.2,0.01,0.19663865546218487,0.5260504201680672,0.2924369747899159,0.018823529411764708
Nathan Aké,Manchester City,678.0,79.5,6.8,27.3,44.1,8.13,0.67,1.2,0.4,0.4,0.03,0.3433962264150944,0.5547169811320755,0.10226415094339623,0.008427672955974843
Nathan Broadhead,Ipswich Town,702.0,40.6,0.9,5.26,20.6,16.2,2.69,1.15,0.51,1.67,0.22,0.12955665024630542,0.5073891625615764,0.3990147783251231,0.06625615763546798
Nathan Collins,Brentford,3420.0,64.1,10.1,33.6,26.4,4.45,1.82,1.05,0.89,0.45,0.07,0.5241809672386896,0.4118564742589704,0.06942277691107646,0.028393135725429022
Nathan Patterson,Everton,347.0,55.1,2.82,13.3,23.1,19.2,1.28,2.82,0.51,0.26,0.03,0.2413793103448276,0.4192377495462795,0.3484573502722323,0.02323049001814882
Nathan Wood-Gordon,Southampton,773.0,65.6,8.72,32.8,29.7,3.26,0.35,1.63,0.58,0.23,0.02,0.5,0.4527439024390244,0.049695121951219515,0.005335365853658537
Nathaniel Clyne,Crystal Palace,483.0,50.6,3.33,20.6,23.1,6.85,0.56,2.22,0.56,0.37,0.0,0.4071146245059289,0.4565217391304348,0.13537549407114624,0.011067193675889328
Neco Williams,Nottingham Forest,2594.0,54.3,5.38,19.4,19.9,15.7,1.56,3.13,1.08,1.28,0.08,0.3572744014732965,0.3664825046040516,0.289134438305709,0.028729281767955802
Nick Pope,Newcastle United,2520.0,31.1,24.6,30.6,0.54,0.0,0.0,0.0,0.04,0.0,0.0,0.9839228295819936,0.017363344051446947,0.0,0.0
Niclas Füllkrug,West Ham United,790.0,31.5,2.16,3.07,16.1,12.5,4.55,0.45,0.11,1.82,0.25,0.09746031746031746,0.5111111111111112,0.3968253968253968,0.14444444444444443
Nico O’Reilly,Manchester City,528.0,71.0,2.37,12.0,37.8,22.0,3.05,1.53,0.68,1.36,0.22,0.16901408450704225,0.532394366197183,0.30985915492957744,0.04295774647887324
Nicolas Jackson,Chelsea,2220.0,27.8,0.77,2.02,11.5,14.6,5.71,0.89,0.12,3.08,0.5,0.07266187050359713,0.4136690647482014,0.5251798561151079,0.20539568345323742
Nicolás Domínguez,Nottingham Forest,1963.0,55.9,3.58,13.9,28.9,13.5,1.51,3.94,1.33,0.96,0.07,0.2486583184257603,0.516994633273703,0.24150268336314848,0.02701252236135957
Nicolás González,Manchester City,760.0,84.9,2.14,13.8,52.3,19.2,1.19,1.9,0.95,1.07,0.06,0.1625441696113074,0.6160188457008244,0.2261484098939929,0.014016489988221435
Nikola Milenković,Nottingham Forest,3330.0,38.2,6.95,20.9,14.9,2.41,1.73,1.38,0.73,0.78,0.11,0.5471204188481674,0.3900523560209424,0.0630890052356021,0.04528795811518324
Noni Madueke,Chelsea,2033.0,43.4,0.97,4.47,13.3,26.3,8.14,1.11,0.44,3.54,0.42,0.10299539170506912,0.3064516129032258,0.6059907834101382,0.18755760368663596
Noussair Mazraoui,Manchester Utd,2838.0,67.9,5.3,26.6,31.0,11.1,0.95,3.65,1.08,0.41,0.02,0.3917525773195876,0.4565537555228277,0.16347569955817376,0.013991163475699557
Nélson Semedo,Wolves,2886.0,53.5,3.83,15.0,24.5,14.5,0.84,1.93,0.72,0.56,0.03,0.2803738317757009,0.45794392523364486,0.27102803738317754,0.015700934579439253
Ola Aina,Nottingham Forest,2995.0,51.3,4.68,18.4,21.5,12.3,0.66,1.65,0.99,0.33,0.02,0.3586744639376218,0.419103313840156,0.23976608187134504,0.012865497076023392
Oleksandr Zinchenko,Arsenal,527.0,84.6,2.71,14.6,39.5,30.7,3.39,1.02,0.85,1.69,0.1,0.17257683215130024,0.466903073286052,0.3628841607565012,0.040070921985815605
Oliver Scarles,West Ham United,665.0,63.0,4.32,21.5,24.2,18.0,1.22,2.84,1.49,0.41,0.01,0.3412698412698413,0.3841269841269841,0.2857142857142857,0.019365079365079366
Oliver Skipp,Leicester City,1129.0,49.0,2.32,11.3,30.6,7.36,0.72,1.68,0.88,0.4,0.03,0.2306122448979592,0.6244897959183674,0.15020408163265306,0.014693877551020407
Ollie Watkins,Aston Villa,2598.0,24.0,0.62,1.73,8.58,14.1,5.81,0.35,0.28,2.84,0.53,0.07208333333333333,0.3575,0.5875,0.24208333333333332
Omar Marmoush,Manchester City,1175.0,38.5,0.46,2.6,11.6,24.9,5.19,0.99,0.46,3.74,0.42,0.06753246753246754,0.3012987012987013,0.6467532467532467,0.13480519480519482
Omari Hutchinson,Ipswich Town,2583.0,43.9,0.59,6.97,18.0,19.8,3.21,1.11,0.38,1.57,0.1,0.15876993166287015,0.4100227790432802,0.45102505694760825,0.07312072892938497
Orel Mangala,Everton,1261.0,44.4,1.57,9.5,23.9,11.2,0.93,1.14,1.5,1.14,0.08,0.21396396396396397,0.5382882882882882,0.25225225225225223,0.020945945945945947
Pablo Sarabia,Wolves,814.0,61.3,0.44,6.44,30.1,25.1,2.67,1.78,0.44,1.89,0.32,0.10505709624796086,0.49102773246329534,0.40946166394779776,0.043556280587275696
Pape Matar Sarr,Tottenham Hotspur,1913.0,58.8,2.21,12.9,32.8,14.2,1.31,2.3,1.41,1.6,0.17,0.21938775510204084,0.5578231292517006,0.24149659863945577,0.02227891156462585
Patrick Dorgu,Manchester Utd,842.0,64.0,1.7,16.5,21.9,26.0,3.4,3.3,0.43,1.06,0.04,0.2578125,0.3421875,0.40625,0.053125
Patson Daka,Leicester City,736.0,30.7,1.34,5.61,13.9,11.8,3.54,2.32,0.12,1.83,0.16,0.18273615635179155,0.45276872964169385,0.3843648208469056,0.11530944625407166
Pau Torres,Aston Villa,2020.0,67.8,10.6,31.3,32.4,4.33,0.76,0.94,0.45,0.36,0.02,0.4616519174041298,0.4778761061946903,0.06386430678466078,0.011209439528023599
Paul Onuachu,Southampton,1050.0,37.6,1.45,3.85,20.1,13.9,5.73,0.6,0.09,2.91,0.31,0.1023936170212766,0.5345744680851064,0.3696808510638298,0.1523936170212766
Pedro Neto,Chelsea,2269.0,45.8,0.52,3.97,13.3,29.2,4.6,0.91,0.36,2.34,0.14,0.0866812227074236,0.2903930131004367,0.6375545851528385,0.10043668122270742
Pedro Porro,Tottenham Hotspur,2610.0,77.1,4.41,23.3,28.0,26.3,1.1,2.28,1.24,1.34,0.06,0.30220492866407267,0.3631647211413749,0.3411154345006485,0.014267185473411156
Pervis Estupiñán,Brighton,2402.0,71.7,3.33,18.5,35.1,19.0,1.31,2.43,1.39,1.05,0.04,0.2580195258019526,0.4895397489539749,0.2649930264993026,0.018270571827057182
Phil Foden,Manchester City,1777.0,57.8,0.66,4.31,19.4,34.6,4.21,0.66,0.46,2.74,0.26,0.0745674740484429,0.3356401384083045,0.5986159169550174,0.07283737024221454
Radu Drăgușin,Tottenham Hotspur,1252.0,69.1,10.6,36.7,30.9,2.16,0.86,0.72,1.08,0.36,0.01,0.5311143270622287,0.447178002894356,0.03125904486251809,0.012445730824891463
Raheem Sterling,Arsenal,499.0,49.8,0.36,1.82,10.5,38.0,6.91,1.64,0.18,2.0,0.25,0.03654618473895583,0.21084337349397592,0.7630522088353414,0.13875502008032128
Rasmus Højlund,Manchester Utd,2004.0,23.1,0.27,1.61,11.3,10.6,3.32,0.13,0.09,1.43,0.24,0.0696969696969697,0.48917748917748916,0.4588744588744588,0.1437229437229437
Rayan Aït-Nouri,Wolves,3109.0,62.3,2.78,16.7,26.6,19.9,2.78,2.58,0.75,1.04,0.08,0.2680577849117175,0.4269662921348315,0.31942215088282505,0.04462279293739968
Raúl Jiménez,Fulham,2494.0,36.1,1.26,4.33,15.6,16.8,5.96,1.26,0.36,3.36,0.43,0.11994459833795014,0.43213296398891965,0.46537396121883656,0.16509695290858725
Reece James,Chelsea,1063.0,80.7,3.64,22.6,43.7,14.9,0.59,0.85,1.1,0.93,0.03,0.28004956629491945,0.5415117719950434,0.18463444857496902,0.007311028500619578
Reiss Nelson,Fulham,487.0,33.15,0.465,3.28,10.7,19.65,3.24,1.24,0.465,1.11,0.1,0.09894419306184012,0.32277526395173456,0.5927601809954751,0.09773755656108599
Ricardo Pereira,Leicester City,388.0,68.8,3.95,20.9,38.6,9.53,1.16,3.02,0.93,0.47,0.02,0.30377906976744184,0.561046511627907,0.1385174418604651,0.016860465116279068
Riccardo Calafiori,Arsenal,983.0,59.9,2.75,15.0,24.2,21.0,2.75,2.48,0.83,0.92,0.08,0.25041736227045075,0.4040066777963272,0.35058430717863104,0.04590984974958264
Richarlison,Tottenham Hotspur,504.0,30.9,1.43,3.75,15.9,11.4,5.18,0.89,0.0,3.04,0.66,0.12135922330097088,0.5145631067961165,0.36893203883495146,0.16763754045307444
Rico Lewis,Manchester City,1893.0,70.3,2.52,13.8,34.6,22.7,2.19,1.43,0.62,0.48,0.07,0.19630156472261737,0.49217638691322907,0.3229018492176387,0.031152204836415363
Robert Sánchez,Chelsea,2880.0,41.3,30.6,41.0,0.38,0.0,0.0,0.0,0.06,0.0,0.0,0.9927360774818402,0.009200968523002421,0.0,0.0
Rodrigo Bentancur,Tottenham Hotspur,1645.0,71.1,4.15,17.7,42.3,11.8,1.31,2.19,2.19,1.2,0.07,0.2489451476793249,0.5949367088607596,0.16596343178621661,0.018424753867791844
Rodrigo Gomes,Wolves,810.0,46.3,2.67,11.2,15.7,20.2,3.22,2.56,0.78,0.78,0.08,0.24190064794816415,0.3390928725701944,0.43628509719222464,0.0695464362850972
Rodrigo Muniz,Fulham,964.0,29.1,1.31,2.52,15.0,11.9,5.14,0.93,0.47,3.64,0.54,0.0865979381443299,0.5154639175257731,0.40893470790378006,0.17663230240549826
Roméo Lavia,Chelsea,797.0,55.4,1.91,12.2,35.8,7.98,0.11,2.47,1.8,0.22,0.03,0.22021660649819494,0.6462093862815884,0.144043321299639,0.0019855595667870036
Ross Barkley,Aston Villa,581.0,71.4,2.62,11.5,42.3,18.6,2.92,2.15,1.54,2.46,0.28,0.1610644257703081,0.5924369747899159,0.2605042016806723,0.04089635854341736
Ross Stewart,Southampton,389.0,32.6,2.09,5.81,12.8,14.4,3.49,1.4,0.23,2.09,0.26,0.1782208588957055,0.39263803680981596,0.44171779141104295,0.10705521472392639
Ryan Christie,Bournemouth,2117.0,58.6,3.15,10.9,32.9,15.8,1.96,2.3,1.28,1.4,0.08,0.18600682593856654,0.561433447098976,0.2696245733788396,0.033447098976109216
Ryan Fraser,Southampton,306.0,38.5,3.53,13.2,14.7,10.9,0.88,1.76,0.29,0.29,0.0,0.34285714285714286,0.3818181818181818,0.2831168831168831,0.022857142857142857
Ryan Gravenberch,Liverpool,3160.0,66.8,3.33,14.5,38.6,14.6,0.74,1.97,1.71,0.57,0.03,0.21706586826347307,0.5778443113772456,0.218562874251497,0.011077844311377245
Ryan Manning,Southampton,1462.0,59.8,4.44,16.0,24.5,19.8,1.36,1.73,1.05,0.49,0.02,0.26755852842809363,0.4096989966555184,0.3311036789297659,0.022742474916387964
Ryan Sessegnon,Fulham,580.0,56.7,2.34,13.8,20.5,23.3,7.03,4.22,0.47,2.19,0.25,0.24338624338624337,0.36155202821869487,0.4109347442680776,0.12398589065255732
Ryan Yates,Nottingham Forest,1915.0,48.9,3.76,13.0,23.9,12.5,1.92,1.97,1.22,1.55,0.11,0.2658486707566462,0.4887525562372188,0.2556237218813906,0.0392638036809816
Rúben Dias,Manchester City,2271.0,99.2,8.57,33.2,54.0,12.2,1.03,0.67,0.79,0.83,0.06,0.33467741935483875,0.5443548387096774,0.12298387096774192,0.010383064516129033
Sam Johnstone,Wolves,630.0,43.7,32.7,43.4,0.29,0.0,0.0,0.0,0.0,0.0,0.0,0.9931350114416475,0.006636155606407321,0.0,0.0
Sam Morsy,Ipswich Town,2751.0,55.0,3.17,16.3,31.1,8.1,0.2,2.22,0.95,0.42,0.01,0.2963636363636364,0.5654545454545454,0.14727272727272728,0.0036363636363636364
Sammie Szmodics,Ipswich Town,992.0,28.9,1.55,7.27,11.4,10.8,3.0,1.45,0.55,1.91,0.31,0.25155709342560556,0.39446366782006925,0.3737024221453288,0.10380622837370243
Sander Berge,Fulham,2224.0,56.0,3.28,15.1,32.3,8.79,0.57,2.02,0.85,0.12,0.02,0.26964285714285713,0.5767857142857142,0.1569642857142857,0.010178571428571427
Sandro Tonali,Newcastle United,2630.0,62.3,2.19,13.9,33.9,15.4,1.54,1.75,1.16,1.2,0.15,0.2231139646869984,0.5441412520064205,0.24719101123595508,0.024719101123595506
Santiago Bueno,Wolves,1687.0,54.8,9.09,27.9,25.9,1.12,0.32,2.19,0.8,0.32,0.02,0.5091240875912408,0.4726277372262774,0.020437956204379566,0.005839416058394161
Saša Lukić,Fulham,2344.0,57.4,2.19,12.8,32.4,12.7,0.81,2.62,1.08,0.69,0.05,0.22299651567944254,0.5644599303135889,0.22125435540069685,0.014111498257839722
Sean Longstaff,Newcastle United,798.0,48.8,2.7,13.8,21.7,13.6,2.36,3.03,0.79,0.67,0.07,0.2827868852459017,0.444672131147541,0.27868852459016397,0.04836065573770492
Sepp van den Berg,Brentford,2586.0,55.9,9.83,28.5,21.6,5.89,1.67,1.36,0.73,0.7,0.07,0.5098389982110912,0.3864042933810376,0.10536672629695885,0.029874776386404293
Simon Adingra,Brighton,1097.0,44.9,0.82,5.41,14.3,25.8,6.23,1.89,0.66,2.7,0.2,0.12048997772828508,0.3184855233853007,0.5746102449888641,0.13875278396436527
Son Heung-min,Tottenham Hotspur,2110.0,48.5,0.68,4.91,15.5,28.5,5.21,0.73,0.21,2.35,0.31,0.10123711340206186,0.31958762886597936,0.5876288659793815,0.10742268041237113
Stefan Ortega,Manchester City,1100.0,40.3,31.4,40.1,0.25,0.0,0.0,0.0,0.0,0.0,0.0,0.9950372208436725,0.00620347394540943,0.0,0.0
Stephy Mavididi,Leicester City,1615.0,48.2,1.28,7.37,18.3,23.5,3.41,1.9,0.61,1.45,0.1,0.15290456431535268,0.3796680497925311,0.487551867219917,0.07074688796680498
Sven Botman,Newcastle United,412.0,66.1,8.7,28.7,34.8,3.48,2.39,2.61,1.09,1.09,0.11,0.4341906202723147,0.5264750378214826,0.05264750378214826,0.03615733736762482
Sávio,Manchester City,1766.0,55.9,0.71,2.81,14.6,39.5,7.86,1.17,0.31,2.81,0.26,0.05026833631484794,0.26118067978533094,0.7066189624329159,0.14060822898032202
Taiwo Awoniyi,Nottingham Forest,416.0,36.3,1.09,3.48,17.0,16.1,4.57,1.3,0.0,2.17,0.46,0.09586776859504133,0.46831955922865015,0.44352617079889817,0.12589531680440774
Tariq Lamptey,Brighton,860.0,55.7,3.02,16.8,23.3,16.0,1.15,1.77,0.73,0.63,0.04,0.3016157989228007,0.41831238779174146,0.2872531418312388,0.020646319569120285
Taylor Harwood-Bellis,Southampton,2825.0,78.8,10.8,36.9,36.5,5.8,1.34,0.89,0.96,0.64,0.06,0.4682741116751269,0.46319796954314724,0.07360406091370558,0.01700507614213198
Thomas Partey,Arsenal,2797.0,70.5,2.38,14.7,39.0,17.2,1.06,2.86,1.13,0.84,0.07,0.20851063829787234,0.5531914893617021,0.24397163120567375,0.015035460992907802
Tim Iroegbunam,Everton,574.0,42.0,3.75,13.9,19.8,9.38,1.88,4.53,2.5,0.78,0.03,0.33095238095238094,0.4714285714285714,0.22333333333333336,0.04476190476190476
Timo Werner,Tottenham Hotspur,516.0,52.3,1.4,4.21,13.7,35.6,5.79,1.05,0.18,1.4,0.18,0.08049713193116635,0.26195028680688337,0.6806883365200765,0.1107074569789675
Timothy Castagne,Fulham,1649.0,63.6,5.03,24.5,25.2,14.2,1.75,2.51,1.2,0.44,0.02,0.3852201257861635,0.3962264150943396,0.2232704402515723,0.027515723270440252
Tom Cairney,Fulham,628.0,97.6,1.71,17.6,49.6,31.9,2.57,1.86,0.57,1.57,0.11,0.18032786885245905,0.5081967213114754,0.32684426229508196,0.026331967213114753
Tommy Doyle,Wolves,488.0,85.7,4.07,23.7,47.8,14.8,0.74,2.04,0.93,1.67,0.11,0.2765460910151692,0.557759626604434,0.17269544924154026,0.008634772462077013
Tomáš Souček,West Ham United,2567.0,44.9,4.49,12.5,22.0,10.6,3.58,1.61,0.7,1.93,0.24,0.27839643652561247,0.48997772828507796,0.23608017817371937,0.07973273942093542
Tosin Adarabioyo,Chelsea,1409.0,84.7,11.1,40.1,42.9,1.72,0.89,1.08,0.7,0.83,0.06,0.4734356552538371,0.5064935064935064,0.020306965761511215,0.01050767414403778
Toti Gomes,Wolves,2614.0,69.9,7.48,32.5,34.5,3.72,0.59,2.1,0.86,0.24,0.02,0.4649499284692417,0.49356223175965663,0.05321888412017167,0.008440629470672388
Trent Alexander-Arnold,Liverpool,2365.0,85.7,3.35,22.5,38.6,25.1,1.67,2.74,1.18,1.71,0.07,0.26254375729288215,0.45040840140023336,0.2928821470245041,0.019486581096849472
Trevoh Chalobah,Crystal Palace,985.0,63.449999999999996,6.41,28.049999999999997,30.95,5.08,1.19,1.3900000000000001,1.3,0.81,0.09,0.442080378250591,0.487785657998424,0.08006304176516943,0.01875492513790386
Tyler Adams,Bournemouth,1965.0,61.3,2.84,16.0,35.7,10.3,0.83,3.81,1.47,0.41,0.07,0.2610114192495922,0.5823817292006526,0.16802610114192498,0.013539967373572593
Tyler Dibling,Southampton,1874.0,41.7,1.3,6.2,18.8,17.7,1.97,1.63,0.38,1.35,0.12,0.1486810551558753,0.45083932853717024,0.42446043165467623,0.047242206235011984
Tyrick Mitchell,Crystal Palace,3092.0,51.0,3.31,18.1,19.5,13.8,1.25,2.65,0.55,0.35,0.04,0.35490196078431374,0.38235294117647056,0.2705882352941177,0.024509803921568627
Tyrone Mings,Aston Villa,1120.0,64.0,11.8,32.7,27.9,3.79,1.37,0.56,0.56,0.73,0.06,0.5109375,0.4359375,0.05921875,0.02140625
Valentino Livramento,Newcastle United,2840.0,62.2,3.77,19.6,28.3,15.3,1.3,1.71,0.73,0.19,0.01,0.31511254019292606,0.454983922829582,0.2459807073954984,0.02090032154340836
Victor Bernth Kristiansen,Leicester City,2482.0,58.5,4.17,20.9,26.2,11.9,0.62,3.15,1.52,0.11,0.01,0.3572649572649572,0.4478632478632478,0.20341880341880342,0.010598290598290597
Victor Lindelöf,Manchester Utd,704.0,57.9,7.69,31.2,24.0,3.08,0.38,0.9,1.03,0.0,0.0,0.538860103626943,0.4145077720207254,0.0531951640759931,0.0065630397236614854
Virgil van Dijk,Liverpool,3330.0,89.2,12.2,35.6,49.4,4.49,1.3,1.03,1.51,0.73,0.06,0.3991031390134529,0.553811659192825,0.05033632286995516,0.014573991031390135
Vitaliy Mykolenko,Everton,3082.0,49.1,3.65,15.4,20.8,13.2,0.94,1.84,1.29,0.41,0.01,0.3136456211812627,0.42362525458248473,0.26883910386965376,0.019144602851323828
Vitaly Janelt,Brentford,2254.0,51.6,4.72,16.7,23.0,12.2,1.28,1.52,1.08,0.56,0.03,0.32364341085271314,0.44573643410852715,0.23643410852713176,0.024806201550387597
Vladimír Coufal,West Ham United,1067.0,61.8,5.13,22.0,26.7,13.4,1.18,1.85,0.67,0.59,0.03,0.3559870550161812,0.43203883495145634,0.2168284789644013,0.019093851132686083
Welington,Southampton,482.0,51.1,5.74,20.9,18.9,11.9,0.56,3.89,1.3,0.56,0.0,0.4090019569471624,0.3698630136986301,0.2328767123287671,0.010958904109589041
Wes Burns,Ipswich Town,926.0,34.0,2.04,6.7,12.5,15.5,1.75,1.26,0.97,0.68,0.05,0.19705882352941176,0.36764705882352944,0.45588235294117646,0.051470588235294115
Wesley Fofana,Chelsea,1172.0,71.8,6.23,28.5,40.2,4.23,0.77,1.0,1.08,0.23,0.03,0.3969359331476323,0.5598885793871867,0.058913649025069646,0.010724233983286908
Wilfred Ndidi,Leicester City,2324.0,54.3,4.61,17.9,27.1,9.81,2.36,3.29,1.2,0.85,0.08,0.3296500920810313,0.49907918968692455,0.18066298342541437,0.043462246777163906
Will Hughes,Crystal Palace,2108.0,51.4,2.05,12.6,26.3,13.2,0.73,2.82,0.94,0.94,0.05,0.245136186770428,0.5116731517509728,0.25680933852140075,0.014202334630350194
William Saliba,Arsenal,3039.0,83.6,5.62,33.3,46.5,4.2,0.53,1.83,0.62,0.18,0.07,0.39832535885167464,0.55622009569378,0.05023923444976077,0.0063397129186602875
William Smallbone,Southampton,690.0,56.0,2.21,10.8,27.7,18.1,2.21,2.6,0.26,0.91,0.08,0.19285714285714287,0.4946428571428571,0.32321428571428573,0.039464285714285716
Wilson Odobert,Tottenham Hotspur,850.0,40.5,0.74,4.89,15.1,21.0,3.72,1.49,0.43,1.38,0.17,0.12074074074074073,0.3728395061728395,0.5185185185185185,0.09185185185185185
Wout Faes,Leicester City,2815.0,60.9,10.2,30.7,28.3,2.17,0.86,1.34,0.83,0.38,0.05,0.5041050903119869,0.464696223316913,0.035632183908045977,0.014121510673234812
Yankuba Minteh,Brighton,1838.0,41.0,1.47,6.62,11.2,24.1,7.16,2.35,0.54,1.67,0.2,0.16146341463414635,0.27317073170731704,0.5878048780487806,0.17463414634146343
Yasin Ayari,Brighton,1965.0,56.6,2.66,12.6,28.6,16.2,2.06,2.71,0.92,1.28,0.11,0.2226148409893993,0.5053003533568905,0.2862190812720848,0.036395759717314485
Yehor Yarmoliuk,Brentford,1450.0,59.6,3.79,17.2,31.1,12.6,0.93,3.04,0.81,0.56,0.04,0.2885906040268456,0.5218120805369127,0.21140939597315436,0.015604026845637584
Yerson Mosquera,Wolves,441.0,60.0,8.78,34.7,23.5,2.45,1.43,2.24,2.04,0.41,0.06,0.5783333333333334,0.39166666666666666,0.04083333333333334,0.02383333333333333
Yoane Wissa,Brentford,2919.0,28.5,1.05,4.2,11.6,13.3,5.03,0.68,0.25,2.78,0.57,0.1473684210526316,0.4070175438596491,0.4666666666666667,0.17649122807017545
Youri Tielemans,Aston Villa,3026.0,71.0,3.07,14.3,40.7,16.8,1.34,2.5,0.68,1.19,0.1,0.20140845070422536,0.5732394366197183,0.23661971830985917,0.01887323943661972
Yukinari Sugawara,Southampton,1557.0,61.6,3.87,18.9,23.7,19.3,1.68,1.79,0.64,0.81,0.03,0.30681818181818177,0.3847402597402597,0.3133116883116883,0.02727272727272727
Yves Bissouma,Tottenham Hotspur,1408.0,66.6,4.55,19.5,37.4,10.2,0.32,3.14,1.15,0.71,0.04,0.2927927927927928,0.5615615615615616,0.15315315315315314,0.0048048048048048055
Álex Moreno,Nottingham Forest,955.0,52.7,5.66,19.8,19.1,14.9,0.75,2.36,1.42,0.57,0.02,0.3757115749525617,0.36242884250474383,0.2827324478178368,0.014231499051233396
İlkay Gündoğan,Manchester City,2223.0,76.6,1.82,10.9,37.6,28.9,2.71,1.01,0.53,1.09,0.13,0.14229765013054832,0.4908616187989557,0.3772845953002611,0.035378590078328984
Łukasz Fabiański,West Ham United,1160.0,41.1,32.1,40.7,0.39,0.0,0.0,0.0,0.0,0.0,0.0,0.9902676399026764,0.00948905109489051,0.0,0.0
